name,morpheme,counts.010,counts.101,counts.110,counts.111,measurements.test_name,measurements.fidelity_overlap,measurements.fidelity_uhlmann,measurements.w_state_prob,measurements.quantum_advantage,measurements.entropy,measurements.purity,measurements.unique_states,measurements.classical_prob,counts.000,counts.001,counts.100,counts.011
triangle_entangle,Ξ△·Ψ⊕·Μ⊨ @ [0x000000(∂)⦂σ0⦂j¹(1728.00 0.00) → 0x000000(ι)⦂σ0⦂j¹(1728.00 0.00) → 0x000000(υ)⦂σ0⦂j¹(1728.00 0.00)],1,2,4,13,triangle_entangle,0.05,0.016666666666666663,0.05,-0.6,1.4166422775185745,0.47500000000000003,4,0.65,,,,
sigma_flow,Σ↑·Ψ⊗·Ξ◇ @ [0x00266B(∂)⦂σ0⦂j¹(1643.58 533.50) → 0x004A3E(ι)⦂σ0⦂j¹(1419.76 985.01) → 0x01B805(ι)⦂σ4⦂j¹(-1553.50 -756.72) → 0x018E9B(ι)⦂σ4⦂j¹(-1716.60 -198.17)],1,,6,4,sigma_flow,0.25,0.14999999999999997,0.25,-0.2,2.1659573202278275,0.23500000000000001,5,0.45,5,4,,
phase_bridge,Ψ⊕·Ξ◇·Ψ⊗·Ξ◇ @ [0x000003(ι)⦂σ0⦂j¹(1728.00 0.17) → 0x000004(∂)⦂σ0⦂j¹(1728.00 0.22) → 0x000021(ι)⦂σ0⦂j¹(1728.00 1.82)],5,,3,,phase_bridge,0.6,0.3972026594366539,0.6,0.35,1.940645449038268,0.27,4,0.25,5,,7,
random_omega,Σ∞·Ψ⊕·Ξ⊛ @ [0x00CAF2(∂)⦂σ2⦂j¹(-150.54 1721.43) → 0x00D974(υ)⦂σ2⦂j¹(-353.04 1691.55) → 0x010503(ι)⦂σ2⦂j¹(-920.26 1462.57)],2,,1,1,random_omega,0.39999999999999997,0.36041864000137536,0.39999999999999997,0.09999999999999998,2.480482022711954,0.20500000000000002,7,0.3,5,5,1,5
control_random,Random Control,3,4,1,3,control_random,0.4,0.3732050807568877,0.4,0.15000000000000002,2.8464393435168596,0.15000000000000002,8,0.25,2,1,4,2
